{"cameraMode":{"drawMode":0,"name":"Shaded","section":"Shading Mode"},"sceneLighting":true,"audioPlay":false,"sceneViewState":{"m_AlwaysRefresh":false,"showFog":true,"showSkybox":true,"showFlares":true,"showImageEffects":true,"showParticleSystems":true,"showVisualEffectGraphs":true,"m_FxEnabled":true},"in2DMode":false,"pivot":{"x":250.61318969726563,"y":62.163307189941409,"z":-78.1448745727539},"rotation":{"x":0.026763271540403367,"y":-0.9327641725540161,"z":0.3526965081691742,"w":0.07059114426374436},"size":153.34815979003907,"orthographic":false}